{"cameraMode":{"drawMode":0,"name":"Shaded","section":"Shading Mode"},"sceneLighting":true,"audioPlay":false,"sceneViewState":{"m_AlwaysRefresh":false,"showFog":true,"showSkybox":true,"showFlares":true,"showImageEffects":true,"showParticleSystems":true,"showVisualEffectGraphs":true,"m_FxEnabled":false},"in2DMode":false,"pivot":{"x":-7.805618762969971,"y":12.945942878723145,"z":11.331618309020996},"rotation":{"x":0.054576486349105838,"y":0.9240756630897522,"z":-0.3497365415096283,"w":0.14420154690742494},"size":3.555365562438965,"orthographic":false}